,urlnames,fullurl
10,/psychological-screening-program-2022,https://doccs.ny.gov/psychological-screening-program-2022
13,/halt-incident-list-january-2023,https://doccs.ny.gov/halt-incident-list-january-2023
16,/halt-monthly-report-february-2922,https://doccs.ny.gov/halt-monthly-report-february-2922
19,/2022-reentry-planning-and-access-social-services-legislative-report,https://doccs.ny.gov/2022-reentry-planning-and-access-social-services-legislative-report
22,/2022-proximity-minor-children-legislative-report,https://doccs.ny.gov/2022-proximity-minor-children-legislative-report
25,/halt-incident-list-october-2022,https://doccs.ny.gov/halt-incident-list-october-2022
28,/halt-monthly-report-november-2022,https://doccs.ny.gov/halt-monthly-report-november-2022
31,/releases-2018-three-year-post-release-follow,https://doccs.ny.gov/releases-2018-three-year-post-release-follow
34,/parole-board-dispositions-doccs-facilities-2022,https://doccs.ny.gov/parole-board-dispositions-doccs-facilities-2022
37,/halt-incident-list-december-2022,https://doccs.ny.gov/halt-incident-list-december-2022
61,/halt-monthly-report-january-2023,https://doccs.ny.gov/halt-monthly-report-january-2023
64,/incarcerated-profile-report-january-2023,https://doccs.ny.gov/incarcerated-profile-report-january-2023
67,/halt-incident-list-november-2022,https://doccs.ny.gov/halt-incident-list-november-2022
70,/halt-monthly-report-december-2022,https://doccs.ny.gov/halt-monthly-report-december-2022
73,/releases-2017-three-year-post-release-follow,https://doccs.ny.gov/releases-2017-three-year-post-release-follow
76,/casat-2021-legislative-report,https://doccs.ny.gov/casat-2021-legislative-report
79,/halt-semi-annual-incident-list-2022-april-september,https://doccs.ny.gov/halt-semi-annual-incident-list-2022-april-september
82,/halt-semi-annual-2022-may-october,https://doccs.ny.gov/halt-semi-annual-2022-may-october
85,/releases-2016-three-year-post-release-follow,https://doccs.ny.gov/releases-2016-three-year-post-release-follow
88,/incarcerated-grievance-program-annual-report-2021,https://doccs.ny.gov/incarcerated-grievance-program-annual-report-2021
114,/halt-incident-list-september-2022,https://doccs.ny.gov/halt-incident-list-september-2022
117,/halt-monthly-report-october-2022,https://doccs.ny.gov/halt-monthly-report-october-2022
120,/halt-incident-list-august-2022,https://doccs.ny.gov/halt-incident-list-august-2022
123,/halt-monthly-report-september-2022,https://doccs.ny.gov/halt-monthly-report-september-2022
126,/incarcerated-grievance-program-semi-annual-report-2022,https://doccs.ny.gov/incarcerated-grievance-program-semi-annual-report-2022
129,/incarcerated-profile-report-september-2022,https://doccs.ny.gov/incarcerated-profile-report-september-2022
132,/incarcerated-profile-report-august-2022,https://doccs.ny.gov/incarcerated-profile-report-august-2022
135,/incarcerated-profile-report-july-2022,https://doccs.ny.gov/incarcerated-profile-report-july-2022
138,/incarcerated-profile-report-june-2022,https://doccs.ny.gov/incarcerated-profile-report-june-2022
141,/incarcerated-profile-report-may-2022,https://doccs.ny.gov/incarcerated-profile-report-may-2022
167,/incarcerated-profile-report-april-2022,https://doccs.ny.gov/incarcerated-profile-report-april-2022
170,/incarcerated-profile-report-march-2022,https://doccs.ny.gov/incarcerated-profile-report-march-2022
173,/incarcerated-profile-report-february-2022,https://doccs.ny.gov/incarcerated-profile-report-february-2022
176,/incarcerated-profile-report-january-2022,https://doccs.ny.gov/incarcerated-profile-report-january-2022
179,/incarcerated-profile-report-december-2021,https://doccs.ny.gov/incarcerated-profile-report-december-2021
182,/community-supervision-legislative-report-2022,https://doccs.ny.gov/community-supervision-legislative-report-2022
185,/admissions-and-releases-2021,https://doccs.ny.gov/admissions-and-releases-2021
188,/2020-parole-board-legislative-report,https://doccs.ny.gov/2020-parole-board-legislative-report
191,/halt-incident-list-july-2022,https://doccs.ny.gov/halt-incident-list-july-2022
194,/halt-monthly-report-august-2022,https://doccs.ny.gov/halt-monthly-report-august-2022
220,/halt-incident-list-june-2022,https://doccs.ny.gov/halt-incident-list-june-2022
223,/halt-monthly-report-july-2022,https://doccs.ny.gov/halt-monthly-report-july-2022
226,/shock-incarceration-program-report-2020,https://doccs.ny.gov/shock-incarceration-program-report-2020
229,/annual-mortality-report-2021,https://doccs.ny.gov/annual-mortality-report-2021
232,/halt-monthly-report-june-2022,https://doccs.ny.gov/halt-monthly-report-june-2022
235,/halt-incident-list-may-2022,https://doccs.ny.gov/halt-incident-list-may-2022
238,/casat-2020-legislative-report,https://doccs.ny.gov/casat-2020-legislative-report
241,/releases-and-discharges-incarceration-2020,https://doccs.ny.gov/releases-and-discharges-incarceration-2020
244,/halt-monthly-report-may-2022,https://doccs.ny.gov/halt-monthly-report-may-2022
247,/halt-incident-list-april-2022,https://doccs.ny.gov/halt-incident-list-april-2022
273,/profile-incarcerated-population-under-custody-2021,https://doccs.ny.gov/profile-incarcerated-population-under-custody-2021
276,/profile-incarcerated-population-under-custody-2020,https://doccs.ny.gov/profile-incarcerated-population-under-custody-2020
279,/annual-report-sexual-victimization-2015-2019,https://doccs.ny.gov/annual-report-sexual-victimization-2015-2019
282,/2019-parole-board-legislative-report,https://doccs.ny.gov/2019-parole-board-legislative-report
285,/2018-parole-board-legislative-report,https://doccs.ny.gov/2018-parole-board-legislative-report
288,/psychological-screening-program-2021,https://doccs.ny.gov/psychological-screening-program-2021
291,/parole-board-dispositions-doccs-facilities-2021,https://doccs.ny.gov/parole-board-dispositions-doccs-facilities-2021
294,/parole-board-dispositions-doccs-facilities-2020,https://doccs.ny.gov/parole-board-dispositions-doccs-facilities-2020
297,/parole-board-dispositions-doccs-facilities-2019,https://doccs.ny.gov/parole-board-dispositions-doccs-facilities-2019
300,/report-security-staffing-2021,https://doccs.ny.gov/report-security-staffing-2021
326,/earned-eligibility-program-april-september-2021,https://doccs.ny.gov/earned-eligibility-program-april-september-2021
329,/unusual-incident-report-2020,https://doccs.ny.gov/unusual-incident-report-2020
332,/unusual-incident-report-2019,https://doccs.ny.gov/unusual-incident-report-2019
335,/unusual-incident-report-2018,https://doccs.ny.gov/unusual-incident-report-2018
338,/unusual-incident-report-2017,https://doccs.ny.gov/unusual-incident-report-2017
341,/securus-contract-c161416-part-3-3,https://doccs.ny.gov/securus-contract-c161416-part-3-3
344,/securus-contract-c161416-part-2-3,https://doccs.ny.gov/securus-contract-c161416-part-2-3
347,/securus-contract-c161416-part-1-3,https://doccs.ny.gov/securus-contract-c161416-part-1-3
350,/corizon-contract-c161406,https://doccs.ny.gov/corizon-contract-c161406
353,/guidance-and-counseling-manual-part-2-2,https://doccs.ny.gov/guidance-and-counseling-manual-part-2-2
379,/guidance-and-counseling-manual-part-1-2,https://doccs.ny.gov/guidance-and-counseling-manual-part-1-2
382,/temporary-release-programs,https://doccs.ny.gov/temporary-release-programs
385,/special-needs-unit-policy-and-procedure-manual,https://doccs.ny.gov/special-needs-unit-policy-and-procedure-manual
388,/sex-offender-counseling-and-treatment-program-guidelines,https://doccs.ny.gov/sex-offender-counseling-and-treatment-program-guidelines
391,/classification-and-movement-manual-part-3-3,https://doccs.ny.gov/classification-and-movement-manual-part-3-3
394,/classification-and-movement-manual-part-2-3,https://doccs.ny.gov/classification-and-movement-manual-part-2-3
397,/classification-and-movement-manual-part-1-3,https://doccs.ny.gov/classification-and-movement-manual-part-1-3
400,/policy-procedures-and-standards-programming,https://doccs.ny.gov/policy-procedures-and-standards-programming
403,/parole-policy-and-procedure-manual-part-2-2,https://doccs.ny.gov/parole-policy-and-procedure-manual-part-2-2
406,/parole-policy-and-procedure-manual-part-1-2,https://doccs.ny.gov/parole-policy-and-procedure-manual-part-1-2
432,/date-computation-manual,https://doccs.ny.gov/date-computation-manual
435,/correctional-alternative-rehabilitation-car-program-manual,https://doccs.ny.gov/correctional-alternative-rehabilitation-car-program-manual
438,/casat-operations-manual,https://doccs.ny.gov/casat-operations-manual
441,/behavioral-health-unit-orientation-handbook,https://doccs.ny.gov/behavioral-health-unit-orientation-handbook
444,/asat-operations-manual,https://doccs.ny.gov/asat-operations-manual
447,/facility-operations-manual-asat-dwi-and-rsat-programs,https://doccs.ny.gov/facility-operations-manual-asat-dwi-and-rsat-programs
450,/amendment-jpay-contract-c000812,https://doccs.ny.gov/amendment-jpay-contract-c000812
453,/amendment-jpay-contract-c161422,https://doccs.ny.gov/amendment-jpay-contract-c161422
456,/jpay-contract-c000812,https://doccs.ny.gov/jpay-contract-c000812
459,/jpay-contract-c161422,https://doccs.ny.gov/jpay-contract-c161422
485,/incarcerated-profile-report-november-2021,https://doccs.ny.gov/incarcerated-profile-report-november-2021
488,/incarcerated-profile-report-october-2021,https://doccs.ny.gov/incarcerated-profile-report-october-2021
491,/incarcerated-profile-report-september-2021,https://doccs.ny.gov/incarcerated-profile-report-september-2021
494,/incarcerated-profile-report-august-2021,https://doccs.ny.gov/incarcerated-profile-report-august-2021
497,/incarcerated-profile-report-july-2021,https://doccs.ny.gov/incarcerated-profile-report-july-2021
500,/incarcerated-profile-report-june-2021,https://doccs.ny.gov/incarcerated-profile-report-june-2021
503,/incarcerated-profile-report-may-2021,https://doccs.ny.gov/incarcerated-profile-report-may-2021
506,/incarcerated-profile-report-april-2021,https://doccs.ny.gov/incarcerated-profile-report-april-2021
509,/incarcerated-profile-report-march-2021,https://doccs.ny.gov/incarcerated-profile-report-march-2021
512,/incarcerated-profile-report-february-2021,https://doccs.ny.gov/incarcerated-profile-report-february-2021
538,/incarcerated-profile-report-january-2021,https://doccs.ny.gov/incarcerated-profile-report-january-2021
541,/incarcerated-profile-report-december-2020,https://doccs.ny.gov/incarcerated-profile-report-december-2020
544,/incarcerated-profile-report-november-2020,https://doccs.ny.gov/incarcerated-profile-report-november-2020
547,/incarcerated-profile-report-october-2020,https://doccs.ny.gov/incarcerated-profile-report-october-2020
550,/incarcerated-profile-report-september-2020,https://doccs.ny.gov/incarcerated-profile-report-september-2020
553,/incarcerated-profile-report-august-2020,https://doccs.ny.gov/incarcerated-profile-report-august-2020
556,/incarcerated-profile-report-july-2020,https://doccs.ny.gov/incarcerated-profile-report-july-2020
559,/incarcerated-profile-report-june-2020,https://doccs.ny.gov/incarcerated-profile-report-june-2020
562,/incarcerated-profile-report-may-2020,https://doccs.ny.gov/incarcerated-profile-report-may-2020
565,/incarcerated-profile-report-april-2020,https://doccs.ny.gov/incarcerated-profile-report-april-2020
591,/incarcerated-profile-report-march-2020,https://doccs.ny.gov/incarcerated-profile-report-march-2020
594,/incarcerated-profile-report-february-2020,https://doccs.ny.gov/incarcerated-profile-report-february-2020
597,/incarcerated-profile-report-january-2020,https://doccs.ny.gov/incarcerated-profile-report-january-2020
600,/incarcerated-profile-report-december-2019,https://doccs.ny.gov/incarcerated-profile-report-december-2019
603,/incarcerated-profile-report-november-2019,https://doccs.ny.gov/incarcerated-profile-report-november-2019
606,/incarcerated-profile-report-october-2019,https://doccs.ny.gov/incarcerated-profile-report-october-2019
609,/incarcerated-profile-report-september-2019,https://doccs.ny.gov/incarcerated-profile-report-september-2019
612,/incarcerated-profile-report-august-2019,https://doccs.ny.gov/incarcerated-profile-report-august-2019
615,/incarcerated-profile-report-july-2019,https://doccs.ny.gov/incarcerated-profile-report-july-2019
618,/incarcerated-profile-report-june-2019,https://doccs.ny.gov/incarcerated-profile-report-june-2019
644,/incarcerated-profile-report-may-2019,https://doccs.ny.gov/incarcerated-profile-report-may-2019
647,/incarcerated-profile-report-april-2019,https://doccs.ny.gov/incarcerated-profile-report-april-2019
650,/incarcerated-profile-report-march-2019,https://doccs.ny.gov/incarcerated-profile-report-march-2019
653,/incarcerated-profile-report-february-2019,https://doccs.ny.gov/incarcerated-profile-report-february-2019
656,/incarcerated-profile-report-january-2019,https://doccs.ny.gov/incarcerated-profile-report-january-2019
659,/incarcerated-profile-report-december-2018,https://doccs.ny.gov/incarcerated-profile-report-december-2018
662,/incarcerated-profile-report-november-2018,https://doccs.ny.gov/incarcerated-profile-report-november-2018
665,/incarcerated-profile-report-october-2018,https://doccs.ny.gov/incarcerated-profile-report-october-2018
668,/incarcerated-profile-report-september-2018,https://doccs.ny.gov/incarcerated-profile-report-september-2018
671,/incarcerated-profile-report-august-2018,https://doccs.ny.gov/incarcerated-profile-report-august-2018
697,/incarcerated-profile-report-july-2018,https://doccs.ny.gov/incarcerated-profile-report-july-2018
700,/incarcerated-profile-report-june-2018,https://doccs.ny.gov/incarcerated-profile-report-june-2018
703,/incarcerated-profile-report-may-2018,https://doccs.ny.gov/incarcerated-profile-report-may-2018
706,/incarcerated-profile-report-april-2018,https://doccs.ny.gov/incarcerated-profile-report-april-2018
709,/incarcerated-profile-report-march-2018,https://doccs.ny.gov/incarcerated-profile-report-march-2018
712,/incarcerated-profile-report-february-2018,https://doccs.ny.gov/incarcerated-profile-report-february-2018
715,/incarcerated-profile-report-january-2018,https://doccs.ny.gov/incarcerated-profile-report-january-2018
718,/incarcerated-profile-report-december-2017,https://doccs.ny.gov/incarcerated-profile-report-december-2017
721,/incarcerated-profile-report-november-2017,https://doccs.ny.gov/incarcerated-profile-report-november-2017
724,/incarcerated-profile-report-october-2017,https://doccs.ny.gov/incarcerated-profile-report-october-2017
750,/incarcerated-profile-report-september-2017,https://doccs.ny.gov/incarcerated-profile-report-september-2017
753,/incarcerated-profile-report-august-2017,https://doccs.ny.gov/incarcerated-profile-report-august-2017
756,/incarcerated-profile-report-july-2017,https://doccs.ny.gov/incarcerated-profile-report-july-2017
759,/incarcerated-profile-report-june-2017,https://doccs.ny.gov/incarcerated-profile-report-june-2017
762,/incarcerated-profile-report-may-2017,https://doccs.ny.gov/incarcerated-profile-report-may-2017
765,/incarcerated-profile-report-april-2017,https://doccs.ny.gov/incarcerated-profile-report-april-2017
768,/incarcerated-profile-report-march-2017,https://doccs.ny.gov/incarcerated-profile-report-march-2017
771,/incarcerated-profile-report-february-2017,https://doccs.ny.gov/incarcerated-profile-report-february-2017
774,/incarcerated-profile-report-january-2017,https://doccs.ny.gov/incarcerated-profile-report-january-2017
777,/incarcerated-profile-report-december-2016,https://doccs.ny.gov/incarcerated-profile-report-december-2016
803,/incarcerated-profile-report-november-2016,https://doccs.ny.gov/incarcerated-profile-report-november-2016
806,/incarcerated-profile-report-october-2016,https://doccs.ny.gov/incarcerated-profile-report-october-2016
809,/incarcerated-profile-report-september-2016,https://doccs.ny.gov/incarcerated-profile-report-september-2016
812,/incarcerated-profile-report-august-2016,https://doccs.ny.gov/incarcerated-profile-report-august-2016
815,/incarcerated-profile-report-july-2016,https://doccs.ny.gov/incarcerated-profile-report-july-2016
818,/incarcerated-profile-report-june-2016,https://doccs.ny.gov/incarcerated-profile-report-june-2016
821,/incarcerated-profile-report-may-2016,https://doccs.ny.gov/incarcerated-profile-report-may-2016
824,/incarcerated-profile-report-april-2016,https://doccs.ny.gov/incarcerated-profile-report-april-2016
827,/incarcerated-profile-report-march-2016,https://doccs.ny.gov/incarcerated-profile-report-march-2016
830,/incarcerated-profile-report-february-2016,https://doccs.ny.gov/incarcerated-profile-report-february-2016
856,/incarcerated-profile-report-january-2016,https://doccs.ny.gov/incarcerated-profile-report-january-2016
859,/incarcerated-profile-report-december-2015,https://doccs.ny.gov/incarcerated-profile-report-december-2015
862,/incarcerated-profile-report-november-2015,https://doccs.ny.gov/incarcerated-profile-report-november-2015
865,/incarcerated-profile-report-october-2015,https://doccs.ny.gov/incarcerated-profile-report-october-2015
868,/incarcerated-profile-report-september-2015,https://doccs.ny.gov/incarcerated-profile-report-september-2015
871,/incarcerated-profile-report-august-2015,https://doccs.ny.gov/incarcerated-profile-report-august-2015
874,/incarcerated-profile-report-july-2015,https://doccs.ny.gov/incarcerated-profile-report-july-2015
877,/incarcerated-profile-report-june-2015,https://doccs.ny.gov/incarcerated-profile-report-june-2015
880,/incarcerated-profile-report-may-2015,https://doccs.ny.gov/incarcerated-profile-report-may-2015
883,/incarcerated-profile-report-april-2015,https://doccs.ny.gov/incarcerated-profile-report-april-2015
909,/incarcerated-profile-report-march-2015,https://doccs.ny.gov/incarcerated-profile-report-march-2015
912,/incarcerated-profile-report-february-2015,https://doccs.ny.gov/incarcerated-profile-report-february-2015
915,/incarcerated-profile-report-january-2015,https://doccs.ny.gov/incarcerated-profile-report-january-2015
918,/incarcerated-profile-report-december-2014,https://doccs.ny.gov/incarcerated-profile-report-december-2014
921,/incarcerated-profile-report-november-2014,https://doccs.ny.gov/incarcerated-profile-report-november-2014
924,/incarcerated-profile-report-october-2014,https://doccs.ny.gov/incarcerated-profile-report-october-2014
927,/incarcerated-profile-report-september-2014,https://doccs.ny.gov/incarcerated-profile-report-september-2014
930,/incarcerated-profile-report-august-2014,https://doccs.ny.gov/incarcerated-profile-report-august-2014
933,/incarcerated-profile-report-july-2014,https://doccs.ny.gov/incarcerated-profile-report-july-2014
936,/incarcerated-profile-report-june-2014,https://doccs.ny.gov/incarcerated-profile-report-june-2014
962,/incarcerated-profile-report-may-2014,https://doccs.ny.gov/incarcerated-profile-report-may-2014
965,/incarcerated-profile-report-april-2014,https://doccs.ny.gov/incarcerated-profile-report-april-2014
968,/incarcerated-profile-report-march-2014,https://doccs.ny.gov/incarcerated-profile-report-march-2014
971,/incarcerated-profile-report-february-2014,https://doccs.ny.gov/incarcerated-profile-report-february-2014
974,/incarcerated-profile-report-january-2014,https://doccs.ny.gov/incarcerated-profile-report-january-2014
977,/incarcerated-profile-report-december-2013,https://doccs.ny.gov/incarcerated-profile-report-december-2013
980,/incarcerated-profile-report-november-2013,https://doccs.ny.gov/incarcerated-profile-report-november-2013
983,/incarcerated-profile-report-october-2013,https://doccs.ny.gov/incarcerated-profile-report-october-2013
986,/incarcerated-profile-report-september-2013,https://doccs.ny.gov/incarcerated-profile-report-september-2013
989,/incarcerated-profile-report-august-2013,https://doccs.ny.gov/incarcerated-profile-report-august-2013
1015,/incarcerated-profile-report-july-2013,https://doccs.ny.gov/incarcerated-profile-report-july-2013
1018,/incarcerated-profile-report-june-2013,https://doccs.ny.gov/incarcerated-profile-report-june-2013
1021,/incarcerated-profile-report-june-2013-0,https://doccs.ny.gov/incarcerated-profile-report-june-2013-0
1024,/incarcerated-profile-report-may-2013,https://doccs.ny.gov/incarcerated-profile-report-may-2013
1027,/incarcerated-profile-report-april-2013,https://doccs.ny.gov/incarcerated-profile-report-april-2013
1030,/incarcerated-profile-report-march-2013,https://doccs.ny.gov/incarcerated-profile-report-march-2013
1033,/incarcerated-profile-report-february-2013,https://doccs.ny.gov/incarcerated-profile-report-february-2013
1036,/incarcerated-profile-report-january-2013,https://doccs.ny.gov/incarcerated-profile-report-january-2013
1039,/incarcerated-profile-report-december-2012,https://doccs.ny.gov/incarcerated-profile-report-december-2012
1042,/incarcerated-profile-report-november-2012,https://doccs.ny.gov/incarcerated-profile-report-november-2012
1068,/incarcerated-profile-report-october-2012,https://doccs.ny.gov/incarcerated-profile-report-october-2012
1071,/incarcerated-profile-report-september-2012,https://doccs.ny.gov/incarcerated-profile-report-september-2012
1074,/incarcerated-profile-report-august-2012,https://doccs.ny.gov/incarcerated-profile-report-august-2012
1077,/incarcerated-profile-report-july-2012,https://doccs.ny.gov/incarcerated-profile-report-july-2012
1080,/incarcerated-profile-report-june-2012,https://doccs.ny.gov/incarcerated-profile-report-june-2012
1083,/incarcerated-profile-report-may-2012,https://doccs.ny.gov/incarcerated-profile-report-may-2012
1086,/incarcerated-profile-report-april-2012,https://doccs.ny.gov/incarcerated-profile-report-april-2012
1089,/incarcerated-profile-report-march-2012,https://doccs.ny.gov/incarcerated-profile-report-march-2012
1092,/incarcerated-profile-report-february-2012,https://doccs.ny.gov/incarcerated-profile-report-february-2012
1095,/incarcerated-profile-report-january-2012,https://doccs.ny.gov/incarcerated-profile-report-january-2012
1121,/incarcerated-profile-report-december-2011,https://doccs.ny.gov/incarcerated-profile-report-december-2011
1124,/incarcerated-profile-report-november-2011,https://doccs.ny.gov/incarcerated-profile-report-november-2011
1127,/incarcerated-profile-report-october-2011,https://doccs.ny.gov/incarcerated-profile-report-october-2011
1130,/incarcerated-profile-report-september-2011,https://doccs.ny.gov/incarcerated-profile-report-september-2011
1133,/incarcerated-profile-report-august-2011,https://doccs.ny.gov/incarcerated-profile-report-august-2011
1136,/incarcerated-profile-report-july-2011,https://doccs.ny.gov/incarcerated-profile-report-july-2011
1139,/incarcerated-profile-report-june-2011,https://doccs.ny.gov/incarcerated-profile-report-june-2011
1142,/incarcerated-profile-report-may-2011,https://doccs.ny.gov/incarcerated-profile-report-may-2011
1145,/incarcerated-profile-report-april-2011,https://doccs.ny.gov/incarcerated-profile-report-april-2011
1148,/incarcerated-profile-report-march-2011,https://doccs.ny.gov/incarcerated-profile-report-march-2011
1174,/incarcerated-profile-report-february-2011,https://doccs.ny.gov/incarcerated-profile-report-february-2011
1177,/incarcerated-profile-report-january-2011,https://doccs.ny.gov/incarcerated-profile-report-january-2011
1180,/incarcerated-profile-report-december-2010,https://doccs.ny.gov/incarcerated-profile-report-december-2010
1183,/incarcerated-profile-report-november-2010,https://doccs.ny.gov/incarcerated-profile-report-november-2010
1186,/incarcerated-profile-report-october-2010-0,https://doccs.ny.gov/incarcerated-profile-report-october-2010-0
1189,/incarcerated-profile-report-september-2010,https://doccs.ny.gov/incarcerated-profile-report-september-2010
1192,/incarcerated-profile-report-august-2010,https://doccs.ny.gov/incarcerated-profile-report-august-2010
1195,/incarcerated-profile-report-july-2010,https://doccs.ny.gov/incarcerated-profile-report-july-2010
1198,/incarcerated-profile-report-june-2010,https://doccs.ny.gov/incarcerated-profile-report-june-2010
1201,/incarcerated-profile-report-may-2010,https://doccs.ny.gov/incarcerated-profile-report-may-2010
1227,/incarcerated-profile-report-april-2010,https://doccs.ny.gov/incarcerated-profile-report-april-2010
1230,/incarcerated-profile-report-march-2010,https://doccs.ny.gov/incarcerated-profile-report-march-2010
1233,/incarcerated-profile-report-february-2010,https://doccs.ny.gov/incarcerated-profile-report-february-2010
1236,/incarcerated-profile-report-january-2010,https://doccs.ny.gov/incarcerated-profile-report-january-2010
1239,/incarcerated-individual-wages,https://doccs.ny.gov/incarcerated-individual-wages
1242,/employee-manual-2019,https://doccs.ny.gov/employee-manual-2019
1245,/covid-related-memos-issued-incarcerated-population-march-august-2020,https://doccs.ny.gov/covid-related-memos-issued-incarcerated-population-march-august-2020
1248,/incarcerated-grievance-program-semi-annual-report-2021,https://doccs.ny.gov/incarcerated-grievance-program-semi-annual-report-2021
1251,/incarcerated-grievance-program-annual-report-2020,https://doccs.ny.gov/incarcerated-grievance-program-annual-report-2020
1254,/government-transparency-plan,https://doccs.ny.gov/government-transparency-plan
1280,/recidivism-research-2015,https://doccs.ny.gov/recidivism-research-2015
1283,/parole-board-dispositions-doccs-facilities-2018,https://doccs.ny.gov/parole-board-dispositions-doccs-facilities-2018
1286,/court-commitments-2020,https://doccs.ny.gov/court-commitments-2020
1289,/releases-and-discharges-incarceration-2019,https://doccs.ny.gov/releases-and-discharges-incarceration-2019
1292,/releases-2015-three-year-post-release-follow,https://doccs.ny.gov/releases-2015-three-year-post-release-follow
1295,/psychological-screening-program-2020,https://doccs.ny.gov/psychological-screening-program-2020
1298,/community-supervision-legislative-report-2021,https://doccs.ny.gov/community-supervision-legislative-report-2021
1301,/community-supervision-legislative-report-2020,https://doccs.ny.gov/community-supervision-legislative-report-2020
1304,/cls-611-use-restraints-during-transport-pregnant-incarcerated-individuals-report-2017-2020,https://doccs.ny.gov/cls-611-use-restraints-during-transport-pregnant-incarcerated-individuals-report-2017-2020
1307,/earned-eligibility-program-april-september-2020,https://doccs.ny.gov/earned-eligibility-program-april-september-2020
1333,/earned-eligibility-program-october-2020-march-2021,https://doccs.ny.gov/earned-eligibility-program-october-2020-march-2021
1336,/admissions-and-releases-2019-0,https://doccs.ny.gov/admissions-and-releases-2019-0
1339,/admissions-and-releases-2020,https://doccs.ny.gov/admissions-and-releases-2020
1342,/annual-report-sexual-victimization-2014-2018-0,https://doccs.ny.gov/annual-report-sexual-victimization-2014-2018-0
1345,/temporary-release-program-2020,https://doccs.ny.gov/temporary-release-program-2020
1348,/2020-annual-shu-update,https://doccs.ny.gov/2020-annual-shu-update
1351,/court-commitments-2019,https://doccs.ny.gov/court-commitments-2019
1354,/profile-inmate-population-under-custody-2019,https://doccs.ny.gov/profile-inmate-population-under-custody-2019
1357,/equal-employment-opportunity-program-eeop-utilization-2019,https://doccs.ny.gov/equal-employment-opportunity-program-eeop-utilization-2019
1360,/recidivism-research-2014,https://doccs.ny.gov/recidivism-research-2014
1386,/recidivism-research-2013,https://doccs.ny.gov/recidivism-research-2013
1389,/earned-eligibility-program-october-2019-march-2020,https://doccs.ny.gov/earned-eligibility-program-october-2019-march-2020
1392,/inmate-grievance-program-semi-annual-report-2020,https://doccs.ny.gov/inmate-grievance-program-semi-annual-report-2020
1395,/inmate-grievance-program-annual-report-2019,https://doccs.ny.gov/inmate-grievance-program-annual-report-2019
1398,/temporary-release-program-2019,https://doccs.ny.gov/temporary-release-program-2019
1401,/report-security-staffing-2020,https://doccs.ny.gov/report-security-staffing-2020
1404,/report-security-staffing-2019,https://doccs.ny.gov/report-security-staffing-2019
1407,/new-york-state-felony-processing-2018-2019,https://doccs.ny.gov/new-york-state-felony-processing-2018-2019
1410,/casat-2019-legislative-report,https://doccs.ny.gov/casat-2019-legislative-report
1413,/2017-parole-board-legislative-report,https://doccs.ny.gov/2017-parole-board-legislative-report
1439,/2016-parole-board-legislative-report,https://doccs.ny.gov/2016-parole-board-legislative-report
1442,/cls-611-use-restraints-during-transport-pregnant-incarcerated-individuals-report-2017-19,https://doccs.ny.gov/cls-611-use-restraints-during-transport-pregnant-incarcerated-individuals-report-2017-19
1445,/annual-report-sexual-victimization-2013-2017,https://doccs.ny.gov/annual-report-sexual-victimization-2013-2017
1448,/report-security-staffing-2018,https://doccs.ny.gov/report-security-staffing-2018
1451,/earned-eligibility-program-april-2019-september-2019,https://doccs.ny.gov/earned-eligibility-program-april-2019-september-2019
1454,/community-supervision-legislative-report-2019,https://doccs.ny.gov/community-supervision-legislative-report-2019
1457,/community-supervision-legislative-report-2018,https://doccs.ny.gov/community-supervision-legislative-report-2018
1460,/inmate-grievance-program-annual-report-2014,https://doccs.ny.gov/inmate-grievance-program-annual-report-2014
1463,/inmate-grievance-program-annual-report-2018,https://doccs.ny.gov/inmate-grievance-program-annual-report-2018
1466,/inmate-grievance-program-annual-report-2017,https://doccs.ny.gov/inmate-grievance-program-annual-report-2017
1492,/inmate-grievance-program-annual-report-2016,https://doccs.ny.gov/inmate-grievance-program-annual-report-2016
1495,/inmate-grievance-program-annual-report-2015,https://doccs.ny.gov/inmate-grievance-program-annual-report-2015
1498,/inmate-grievance-program-semi-annual-report-2019,https://doccs.ny.gov/inmate-grievance-program-semi-annual-report-2019
1501,/inmate-grievance-program-semi-annual-report-2018,https://doccs.ny.gov/inmate-grievance-program-semi-annual-report-2018
1504,/inmate-grievance-program-semi-annual-report-2017-0,https://doccs.ny.gov/inmate-grievance-program-semi-annual-report-2017-0
1507,/inmate-grievance-program-semi-annual-report-2015,https://doccs.ny.gov/inmate-grievance-program-semi-annual-report-2015
1510,/inmate-grievance-program-semi-annual-report-2014,https://doccs.ny.gov/inmate-grievance-program-semi-annual-report-2014
1513,/inmate-grievance-program-semi-annual-2013-report-final,https://doccs.ny.gov/inmate-grievance-program-semi-annual-2013-report-final
1516,/legislative-report-hepatitis-c,https://doccs.ny.gov/legislative-report-hepatitis-c
1519,/casat-2018-legislative-report,https://doccs.ny.gov/casat-2018-legislative-report
1545,/2019-annual-report,https://doccs.ny.gov/2019-annual-report
1548,/inmate-grievance-program-annual-report-2007,https://doccs.ny.gov/inmate-grievance-program-annual-report-2007
1551,/inmate-grievance-program-annual-report-2008,https://doccs.ny.gov/inmate-grievance-program-annual-report-2008
1554,/inmate-grievance-program-semiannual-report-2006,https://doccs.ny.gov/inmate-grievance-program-semiannual-report-2006
1557,/inmate-grievance-program-semiannual-report-2007,https://doccs.ny.gov/inmate-grievance-program-semiannual-report-2007
1560,/inmate-grievance-program-semiannual-report-2008,https://doccs.ny.gov/inmate-grievance-program-semiannual-report-2008
1563,/inmate-grievance-program-semiannual-report-2009,https://doccs.ny.gov/inmate-grievance-program-semiannual-report-2009
1566,/inmate-grievance-program-annual-report-2006,https://doccs.ny.gov/inmate-grievance-program-annual-report-2006
1569,/temporary-release-program-2006,https://doccs.ny.gov/temporary-release-program-2006
1572,/temporary-release-program-2007,https://doccs.ny.gov/temporary-release-program-2007
1598,/temporary-release-program-2008,https://doccs.ny.gov/temporary-release-program-2008
1601,/community-supervision-staffing,https://doccs.ny.gov/community-supervision-staffing
1604,/medical-parole-2014,https://doccs.ny.gov/medical-parole-2014
1607,/medical-parole-2013,https://doccs.ny.gov/medical-parole-2013
1610,/2015-parole-board-legislative-report,https://doccs.ny.gov/2015-parole-board-legislative-report
1613,/report-security-staffing-2009,https://doccs.ny.gov/report-security-staffing-2009
1616,/report-security-staffing-2010,https://doccs.ny.gov/report-security-staffing-2010
1619,/report-security-staffing-2011,https://doccs.ny.gov/report-security-staffing-2011
1622,/report-security-staffing-2012,https://doccs.ny.gov/report-security-staffing-2012
1625,/report-security-staffing-2013,https://doccs.ny.gov/report-security-staffing-2013
1651,/report-security-staffing-2014,https://doccs.ny.gov/report-security-staffing-2014
1654,/report-security-staffing-2015,https://doccs.ny.gov/report-security-staffing-2015
1657,/report-security-staffing-2016,https://doccs.ny.gov/report-security-staffing-2016
1660,/report-security-staffing-2017,https://doccs.ny.gov/report-security-staffing-2017
1663,/inmate-grievance-program-annual-report-2013,https://doccs.ny.gov/inmate-grievance-program-annual-report-2013
1666,/inmate-grievance-program-annual-report-2012,https://doccs.ny.gov/inmate-grievance-program-annual-report-2012
1669,/inmate-grievance-program-annual-report-2011,https://doccs.ny.gov/inmate-grievance-program-annual-report-2011
1672,/inmate-grievance-program-annual-report-2010,https://doccs.ny.gov/inmate-grievance-program-annual-report-2010
1675,/inmate-grievance-program-annual-report-2009,https://doccs.ny.gov/inmate-grievance-program-annual-report-2009
1678,/inmate-grievance-program-semiannual-report-2010,https://doccs.ny.gov/inmate-grievance-program-semiannual-report-2010
1704,/inmate-grievance-program-semiannual-report-2011,https://doccs.ny.gov/inmate-grievance-program-semiannual-report-2011
1707,/inmate-grievance-program-semiannual-report-2012,https://doccs.ny.gov/inmate-grievance-program-semiannual-report-2012
1710,/temporary-release-program-2009,https://doccs.ny.gov/temporary-release-program-2009
1713,/temporary-release-program-2010,https://doccs.ny.gov/temporary-release-program-2010
1716,/temporary-release-program-2011,https://doccs.ny.gov/temporary-release-program-2011
1719,/temporary-release-program-2012,https://doccs.ny.gov/temporary-release-program-2012
1722,/temporary-release-program-2013,https://doccs.ny.gov/temporary-release-program-2013
1725,/temporary-release-program-2014,https://doccs.ny.gov/temporary-release-program-2014
1728,/temporary-release-program-2015,https://doccs.ny.gov/temporary-release-program-2015
1731,/temporary-release-program-2016,https://doccs.ny.gov/temporary-release-program-2016
1757,/temporary-release-program-2017,https://doccs.ny.gov/temporary-release-program-2017
1760,/temporary-release-program-2018,https://doccs.ny.gov/temporary-release-program-2018
1763,/annual-report-sexual-victimization-prea-2013-2014,https://doccs.ny.gov/annual-report-sexual-victimization-prea-2013-2014
1766,/annual-report-sexual-victimization-prea-2013-2015,https://doccs.ny.gov/annual-report-sexual-victimization-prea-2013-2015
1769,/annual-report-sexual-victimization-prea-2013-2016,https://doccs.ny.gov/annual-report-sexual-victimization-prea-2013-2016
1772,/new-york-states-victim-notification-program-statistical-summary-2012,https://doccs.ny.gov/new-york-states-victim-notification-program-statistical-summary-2012
1775,/new-york-states-victim-notification-program-statistical-summary-2011,https://doccs.ny.gov/new-york-states-victim-notification-program-statistical-summary-2011
1778,/new-york-states-victim-notification-program-statistical-summary-2010,https://doccs.ny.gov/new-york-states-victim-notification-program-statistical-summary-2010
1781,/new-york-states-victim-notification-program-statistical-summary-2009,https://doccs.ny.gov/new-york-states-victim-notification-program-statistical-summary-2009
1784,/new-york-states-victim-notification-program-statistical-summary-2007,https://doccs.ny.gov/new-york-states-victim-notification-program-statistical-summary-2007
1810,/new-york-states-victim-notification-program-statistical-summary-2006,https://doccs.ny.gov/new-york-states-victim-notification-program-statistical-summary-2006
1813,/female-offenders-2005-2006,https://doccs.ny.gov/female-offenders-2005-2006
1816,/female-homicide-commitments-1986-vs-2005,https://doccs.ny.gov/female-homicide-commitments-1986-vs-2005
1819,/annotated-listing-department-corrections-and-community-supervision-research-female-commitments-2007,https://doccs.ny.gov/annotated-listing-department-corrections-and-community-supervision-research-female-commitments-2007
1822,/annotated-listing-department-corrections-and-community-supervision-research-female-commitments-2008,https://doccs.ny.gov/annotated-listing-department-corrections-and-community-supervision-research-female-commitments-2008
1825,/state-criminal-alien-assistance-program-2009,https://doccs.ny.gov/state-criminal-alien-assistance-program-2009
1828,/state-criminal-alien-assistance-program-2010,https://doccs.ny.gov/state-criminal-alien-assistance-program-2010
1831,/state-criminal-alien-assistance-program-2012,https://doccs.ny.gov/state-criminal-alien-assistance-program-2012
1834,/state-criminal-alien-assistance-program-2013,https://doccs.ny.gov/state-criminal-alien-assistance-program-2013
1837,/state-criminal-alien-assistance-program-2008,https://doccs.ny.gov/state-criminal-alien-assistance-program-2008
1863,/state-criminal-alien-assistance-program-2007,https://doccs.ny.gov/state-criminal-alien-assistance-program-2007
1866,/televideo-deportation-hearings-2012,https://doccs.ny.gov/televideo-deportation-hearings-2012
1869,/televideo-deportation-hearings-2006,https://doccs.ny.gov/televideo-deportation-hearings-2006
1872,/televideo-deportation-hearings-2007,https://doccs.ny.gov/televideo-deportation-hearings-2007
1875,/televideo-deportation-hearings-2008,https://doccs.ny.gov/televideo-deportation-hearings-2008
1878,/televideo-deportation-hearings-2009,https://doccs.ny.gov/televideo-deportation-hearings-2009
1881,/televideo-deportation-hearings-2010,https://doccs.ny.gov/televideo-deportation-hearings-2010
1884,/televideo-deportation-hearings-2011,https://doccs.ny.gov/televideo-deportation-hearings-2011
1887,/televideo-deportation-hearings-2013,https://doccs.ny.gov/televideo-deportation-hearings-2013
1890,/impact-foreign-born-inmates-new-york-state-department-corrections-and-community-supervision-2007,https://doccs.ny.gov/impact-foreign-born-inmates-new-york-state-department-corrections-and-community-supervision-2007
1916,/impact-foreign-born-inmates-new-york-state-department-corrections-and-community-supervision-2006,https://doccs.ny.gov/impact-foreign-born-inmates-new-york-state-department-corrections-and-community-supervision-2006
1919,/early-conditional-parole-deportation-only-2013,https://doccs.ny.gov/early-conditional-parole-deportation-only-2013
1922,/early-conditional-parole-deportation-only-2012,https://doccs.ny.gov/early-conditional-parole-deportation-only-2012
1925,/early-conditional-parole-deportation-only-2011,https://doccs.ny.gov/early-conditional-parole-deportation-only-2011
1928,/early-conditional-parole-deportation-only-2010,https://doccs.ny.gov/early-conditional-parole-deportation-only-2010
1931,/early-conditional-parole-deportation-only-2009,https://doccs.ny.gov/early-conditional-parole-deportation-only-2009
1934,/early-conditional-parole-deportation-only-2008,https://doccs.ny.gov/early-conditional-parole-deportation-only-2008
1937,/research-brief-department-procedures-processing-criminal-aliens-2013,https://doccs.ny.gov/research-brief-department-procedures-processing-criminal-aliens-2013
1940,/research-brief-department-procedures-processing-criminal-aliens-2012,https://doccs.ny.gov/research-brief-department-procedures-processing-criminal-aliens-2012
1943,/research-brief-department-procedures-processing-criminal-aliens-2011,https://doccs.ny.gov/research-brief-department-procedures-processing-criminal-aliens-2011
1969,/research-brief-department-procedures-processing-criminal-aliens-2010,https://doccs.ny.gov/research-brief-department-procedures-processing-criminal-aliens-2010
1972,/research-brief-department-procedures-processing-criminal-aliens-2009,https://doccs.ny.gov/research-brief-department-procedures-processing-criminal-aliens-2009
1975,/research-brief-department-procedures-processing-criminal-aliens-2008,https://doccs.ny.gov/research-brief-department-procedures-processing-criminal-aliens-2008
1978,/identified-substance-abusers-december-31-2007,https://doccs.ny.gov/identified-substance-abusers-december-31-2007
1981,/identified-substance-abusers-december-312006,https://doccs.ny.gov/identified-substance-abusers-december-312006
1984,/foreign-born-under-custody-population-and-institutional-removal-program-2013,https://doccs.ny.gov/foreign-born-under-custody-population-and-institutional-removal-program-2013
1987,/foreign-born-under-custody-population-and-institutional-removal-program-2012,https://doccs.ny.gov/foreign-born-under-custody-population-and-institutional-removal-program-2012
1990,/foreign-born-under-custody-population-and-institutional-removal-program-2011,https://doccs.ny.gov/foreign-born-under-custody-population-and-institutional-removal-program-2011
1993,/foreign-born-under-custody-population-and-institutional-removal-program-2010,https://doccs.ny.gov/foreign-born-under-custody-population-and-institutional-removal-program-2010
1996,/foreign-born-under-custody-population-and-institutional-removal-program-2009,https://doccs.ny.gov/foreign-born-under-custody-population-and-institutional-removal-program-2009
2025,/parole-board-dispositions-doccs-facilities-2013-2014,https://doccs.ny.gov/parole-board-dispositions-doccs-facilities-2013-2014
2028,/parole-board-dispositions-doccs-facilities-2012-2013,https://doccs.ny.gov/parole-board-dispositions-doccs-facilities-2012-2013
2031,/parole-board-dispositions-doccs-facilities-2011-2012,https://doccs.ny.gov/parole-board-dispositions-doccs-facilities-2011-2012
2034,/parole-board-dispositions-doccs-facilities-2016-2017,https://doccs.ny.gov/parole-board-dispositions-doccs-facilities-2016-2017
2037,/parole-board-dispositions-doccs-facilities-2015-2016,https://doccs.ny.gov/parole-board-dispositions-doccs-facilities-2015-2016
2040,/parole-board-dispositions-doccs-facilities-2014-2015,https://doccs.ny.gov/parole-board-dispositions-doccs-facilities-2014-2015
2043,/parole-board-dispositions-doccs-facilities-2010-2011,https://doccs.ny.gov/parole-board-dispositions-doccs-facilities-2010-2011
2046,/parole-board-dispositions-doccs-facilities-2009-2010,https://doccs.ny.gov/parole-board-dispositions-doccs-facilities-2009-2010
2049,/parole-board-dispositions-doccs-facilities-2008-2009,https://doccs.ny.gov/parole-board-dispositions-doccs-facilities-2008-2009
2075,/parole-board-dispositions-doccs-facilities-2007-2008,https://doccs.ny.gov/parole-board-dispositions-doccs-facilities-2007-2008
2078,/parole-board-dispositions-doccs-facilities-2006-2007,https://doccs.ny.gov/parole-board-dispositions-doccs-facilities-2006-2007
2081,/parole-board-dispositions-doccs-facilities-2005-2006,https://doccs.ny.gov/parole-board-dispositions-doccs-facilities-2005-2006
2084,/new-york-state-felony-processing-2016-2017,https://doccs.ny.gov/new-york-state-felony-processing-2016-2017
2087,/new-york-state-felony-processing-2015-2016,https://doccs.ny.gov/new-york-state-felony-processing-2015-2016
2090,/new-york-state-felony-processing-2014-2015,https://doccs.ny.gov/new-york-state-felony-processing-2014-2015
2093,/new-york-state-felony-processing-2013-2014,https://doccs.ny.gov/new-york-state-felony-processing-2013-2014
2096,/new-york-state-felony-processing-2012-2013,https://doccs.ny.gov/new-york-state-felony-processing-2012-2013
2099,/new-york-state-felony-processing-2011-2012,https://doccs.ny.gov/new-york-state-felony-processing-2011-2012
2102,/new-york-state-felony-processing-2010-2011,https://doccs.ny.gov/new-york-state-felony-processing-2010-2011
2128,/new-york-state-felony-processing-2009-2010,https://doccs.ny.gov/new-york-state-felony-processing-2009-2010
2131,/new-york-state-felony-processing-2008-2009,https://doccs.ny.gov/new-york-state-felony-processing-2008-2009
2134,/new-york-state-felony-processing-2007-2008,https://doccs.ny.gov/new-york-state-felony-processing-2007-2008
2137,/new-york-state-felony-processing-2006-2007,https://doccs.ny.gov/new-york-state-felony-processing-2006-2007
2140,/new-york-state-felony-processing-2005-2006,https://doccs.ny.gov/new-york-state-felony-processing-2005-2006
2143,/summary-oca-felony-processing-2015-2016,https://doccs.ny.gov/summary-oca-felony-processing-2015-2016
2146,/summary-oca-felony-processing-2013-2014,https://doccs.ny.gov/summary-oca-felony-processing-2013-2014
2149,/summary-oca-felony-processing-2012-2013,https://doccs.ny.gov/summary-oca-felony-processing-2012-2013
2152,/summary-oca-felony-processing-2011-2012,https://doccs.ny.gov/summary-oca-felony-processing-2011-2012
2155,/summary-oca-felony-processing-2010-2011,https://doccs.ny.gov/summary-oca-felony-processing-2010-2011
2181,/summary-oca-felony-processing-2009-2010,https://doccs.ny.gov/summary-oca-felony-processing-2009-2010
2184,/summary-oca-felony-processing-2008-2009,https://doccs.ny.gov/summary-oca-felony-processing-2008-2009
2187,/summary-oca-felony-processing-2007-2008,https://doccs.ny.gov/summary-oca-felony-processing-2007-2008
2190,/summary-oca-felony-processing-2006-2007,https://doccs.ny.gov/summary-oca-felony-processing-2006-2007
2193,/summary-oca-felony-processing-2005-2006,https://doccs.ny.gov/summary-oca-felony-processing-2005-2006
2196,/seriously-mentally-ill-offenders-2013,https://doccs.ny.gov/seriously-mentally-ill-offenders-2013
2199,/seriously-mentally-ill-offenders-2011,https://doccs.ny.gov/seriously-mentally-ill-offenders-2011
2202,/community-supervision-legislative-report-2015,https://doccs.ny.gov/community-supervision-legislative-report-2015
2205,/community-supervision-legislative-report-2014,https://doccs.ny.gov/community-supervision-legislative-report-2014
2208,/community-supervision-legislative-report-2013,https://doccs.ny.gov/community-supervision-legislative-report-2013
2234,/community-supervision-legislative-report-2012,https://doccs.ny.gov/community-supervision-legislative-report-2012
2237,/community-supervision-legislative-report-2017,https://doccs.ny.gov/community-supervision-legislative-report-2017
2240,/community-supervision-legislative-report-2016,https://doccs.ny.gov/community-supervision-legislative-report-2016
2243,/inmate-suicide-report-2004-2013,https://doccs.ny.gov/inmate-suicide-report-2004-2013
2246,/inmate-suicide-report-2002-2011,https://doccs.ny.gov/inmate-suicide-report-2002-2011
2249,/inmate-suicide-report-2000-2009,https://doccs.ny.gov/inmate-suicide-report-2000-2009
2252,/inmate-suicide-report-1998-2007,https://doccs.ny.gov/inmate-suicide-report-1998-2007
2255,/inmate-mortality-report-2009-2012,https://doccs.ny.gov/inmate-mortality-report-2009-2012
2258,/inmate-mortality-report-2007-2010,https://doccs.ny.gov/inmate-mortality-report-2007-2010
2261,/inmate-mortality-report-2005-2008,https://doccs.ny.gov/inmate-mortality-report-2005-2008
2287,/inmate-mortality-report-2003-2006,https://doccs.ny.gov/inmate-mortality-report-2003-2006
2290,/inmate-escape-incidents-2009-2013,https://doccs.ny.gov/inmate-escape-incidents-2009-2013
2293,/inmate-escape-incidents-2008-2012,https://doccs.ny.gov/inmate-escape-incidents-2008-2012
2296,/inmate-escape-incidents-2007-2011,https://doccs.ny.gov/inmate-escape-incidents-2007-2011
2299,/inmate-escape-incidents-2006-2010,https://doccs.ny.gov/inmate-escape-incidents-2006-2010
2302,/inmate-escape-incidents-2005-2009,https://doccs.ny.gov/inmate-escape-incidents-2005-2009
2305,/inmate-escape-incidents-2003-2007,https://doccs.ny.gov/inmate-escape-incidents-2003-2007
2308,/inmate-escape-incidents-2004-2008,https://doccs.ny.gov/inmate-escape-incidents-2004-2008
2311,/inmate-escape-incidents-2002-2006,https://doccs.ny.gov/inmate-escape-incidents-2002-2006
2314,/unusual-incident-report-2008,https://doccs.ny.gov/unusual-incident-report-2008
2340,/unusual-incident-report-2007,https://doccs.ny.gov/unusual-incident-report-2007
2343,/unusual-incident-report-2006,https://doccs.ny.gov/unusual-incident-report-2006
2346,/unusual-incident-report-2016,https://doccs.ny.gov/unusual-incident-report-2016
2349,/unusual-incident-report-2015,https://doccs.ny.gov/unusual-incident-report-2015
2352,/unusual-incident-report-2014,https://doccs.ny.gov/unusual-incident-report-2014
2355,/unusual-incident-report-2013,https://doccs.ny.gov/unusual-incident-report-2013
2358,/unusual-incident-report-2012,https://doccs.ny.gov/unusual-incident-report-2012
2361,/unusual-incident-report-2011,https://doccs.ny.gov/unusual-incident-report-2011
2364,/unusual-incident-report-2010,https://doccs.ny.gov/unusual-incident-report-2010
2367,/unusual-incident-report-2009,https://doccs.ny.gov/unusual-incident-report-2009
2393,/discharges-2018,https://doccs.ny.gov/discharges-2018
2396,/discharges-2017,https://doccs.ny.gov/discharges-2017
2399,/discharges-2016,https://doccs.ny.gov/discharges-2016
2402,/discharges-2015,https://doccs.ny.gov/discharges-2015
2405,/discharges-2014,https://doccs.ny.gov/discharges-2014
2408,/discharges-2013,https://doccs.ny.gov/discharges-2013
2411,/discharges-2012,https://doccs.ny.gov/discharges-2012
2414,/discharges-2011,https://doccs.ny.gov/discharges-2011
2417,/discharges-2010,https://doccs.ny.gov/discharges-2010
2420,/discharges-2009,https://doccs.ny.gov/discharges-2009
2446,/discharges-2008,https://doccs.ny.gov/discharges-2008
2449,/discharges-2007,https://doccs.ny.gov/discharges-2007
2452,/discharges-2006,https://doccs.ny.gov/discharges-2006
2455,/court-commitments-2017,https://doccs.ny.gov/court-commitments-2017
2458,/court-commitments-2015,https://doccs.ny.gov/court-commitments-2015
2461,/court-commitments-2014,https://doccs.ny.gov/court-commitments-2014
2464,/court-commitments-2013,https://doccs.ny.gov/court-commitments-2013
2467,/court-commitments-2012,https://doccs.ny.gov/court-commitments-2012
2470,/court-commitments-2011,https://doccs.ny.gov/court-commitments-2011
2473,/court-commitments-2010,https://doccs.ny.gov/court-commitments-2010
2499,/court-commitments-2009,https://doccs.ny.gov/court-commitments-2009
2502,/court-commitments-2008,https://doccs.ny.gov/court-commitments-2008
2505,/court-commitments-2007,https://doccs.ny.gov/court-commitments-2007
2508,/court-commitments-2006,https://doccs.ny.gov/court-commitments-2006
2511,/admissions-and-releases-2018,https://doccs.ny.gov/admissions-and-releases-2018
2514,/admissions-and-releases-2017,https://doccs.ny.gov/admissions-and-releases-2017
2517,/admissions-and-releases-2016,https://doccs.ny.gov/admissions-and-releases-2016
2520,/admissions-and-releases-2015,https://doccs.ny.gov/admissions-and-releases-2015
2523,/admissions-and-releases-2014,https://doccs.ny.gov/admissions-and-releases-2014
2526,/admissions-and-releases-2013,https://doccs.ny.gov/admissions-and-releases-2013
2552,/admissions-and-releases-2011,https://doccs.ny.gov/admissions-and-releases-2011
2555,/admissions-and-releases-2012,https://doccs.ny.gov/admissions-and-releases-2012
2558,/admissions-and-releases-2010,https://doccs.ny.gov/admissions-and-releases-2010
2561,/admissions-and-releases-2009,https://doccs.ny.gov/admissions-and-releases-2009
2564,/admissions-and-releases-2008,https://doccs.ny.gov/admissions-and-releases-2008
2567,/admissions-and-releases-2007,https://doccs.ny.gov/admissions-and-releases-2007
2570,/admissions-and-releases-2006,https://doccs.ny.gov/admissions-and-releases-2006
2573,/profile-inmate-population-under-custody-2007,https://doccs.ny.gov/profile-inmate-population-under-custody-2007
2576,/profile-inmate-population-under-custody-2008,https://doccs.ny.gov/profile-inmate-population-under-custody-2008
2579,/profile-inmate-population-under-custody-2009,https://doccs.ny.gov/profile-inmate-population-under-custody-2009
2605,/profile-inmate-population-under-custody-2010,https://doccs.ny.gov/profile-inmate-population-under-custody-2010
2608,/profile-inmate-population-under-custody-2011,https://doccs.ny.gov/profile-inmate-population-under-custody-2011
2611,/profile-inmate-population-under-custody-2012,https://doccs.ny.gov/profile-inmate-population-under-custody-2012
2614,/profile-inmate-population-under-custody-2013,https://doccs.ny.gov/profile-inmate-population-under-custody-2013
2617,/profile-inmate-population-under-custody-2014,https://doccs.ny.gov/profile-inmate-population-under-custody-2014
2620,/profile-inmate-population-under-custody-2015,https://doccs.ny.gov/profile-inmate-population-under-custody-2015
2623,/profile-inmate-population-under-custody-2016,https://doccs.ny.gov/profile-inmate-population-under-custody-2016
2626,/profile-inmate-population-under-custody-2017,https://doccs.ny.gov/profile-inmate-population-under-custody-2017
2629,/profile-inmate-population-under-custody-2018,https://doccs.ny.gov/profile-inmate-population-under-custody-2018
2632,/impact-ged,https://doccs.ny.gov/impact-ged
2658,/targeted-programs-releases-and-discharges-incarceration,https://doccs.ny.gov/targeted-programs-releases-and-discharges-incarceration
2661,/recidivism-research-2002,https://doccs.ny.gov/recidivism-research-2002
2664,/recidivism-research-2003,https://doccs.ny.gov/recidivism-research-2003
2667,/recidivism-research-2004,https://doccs.ny.gov/recidivism-research-2004
2670,/recidivism-research-2005,https://doccs.ny.gov/recidivism-research-2005
2673,/recidivism-research-2006,https://doccs.ny.gov/recidivism-research-2006
2676,/recidivism-research-2007,https://doccs.ny.gov/recidivism-research-2007
2679,/recidivism-research-2008,https://doccs.ny.gov/recidivism-research-2008
2682,/recidivism-research-2009,https://doccs.ny.gov/recidivism-research-2009
2685,/recidivism-research-2010,https://doccs.ny.gov/recidivism-research-2010
2711,/recidivism-research-2011,https://doccs.ny.gov/recidivism-research-2011
2714,/recidivism-research-2012,https://doccs.ny.gov/recidivism-research-2012
2717,/psychological-screening-program-2006,https://doccs.ny.gov/psychological-screening-program-2006
2720,/psychological-screening-program-2007,https://doccs.ny.gov/psychological-screening-program-2007
2723,/psychological-screening-program-2008,https://doccs.ny.gov/psychological-screening-program-2008
2726,/psychological-screening-program-2009,https://doccs.ny.gov/psychological-screening-program-2009
2729,/psychological-screening-program-2010,https://doccs.ny.gov/psychological-screening-program-2010
2732,/psychological-screening-program-2011,https://doccs.ny.gov/psychological-screening-program-2011
2735,/psychological-screening-program-2012,https://doccs.ny.gov/psychological-screening-program-2012
2738,/psychological-screening-program-2013,https://doccs.ny.gov/psychological-screening-program-2013
2764,/psychological-screening-program-2014,https://doccs.ny.gov/psychological-screening-program-2014
2767,/psychological-screening-program-2015,https://doccs.ny.gov/psychological-screening-program-2015
2770,/psychological-screening-program-2016,https://doccs.ny.gov/psychological-screening-program-2016
2773,/psychological-screening-program-2017,https://doccs.ny.gov/psychological-screening-program-2017
2776,/psychological-screening-program-2018,https://doccs.ny.gov/psychological-screening-program-2018
2779,/alcohol-and-substance-abuse-treatment-report-2006,https://doccs.ny.gov/alcohol-and-substance-abuse-treatment-report-2006
2782,/alcohol-and-substance-abuse-treatment-report-2007,https://doccs.ny.gov/alcohol-and-substance-abuse-treatment-report-2007
2785,/alcohol-and-substance-abuse-treatment-report-2008,https://doccs.ny.gov/alcohol-and-substance-abuse-treatment-report-2008
2788,/alcohol-and-substance-abuse-treatment-report-2009-2010,https://doccs.ny.gov/alcohol-and-substance-abuse-treatment-report-2009-2010
2791,/alcohol-and-substance-abuse-treatment-report-2011,https://doccs.ny.gov/alcohol-and-substance-abuse-treatment-report-2011
2817,/alcohol-and-substance-abuse-treatment-report-2012,https://doccs.ny.gov/alcohol-and-substance-abuse-treatment-report-2012
2820,/alcohol-and-substance-abuse-treatment-report-2013,https://doccs.ny.gov/alcohol-and-substance-abuse-treatment-report-2013
2823,/alcohol-and-substance-abuse-treatment-report-2014,https://doccs.ny.gov/alcohol-and-substance-abuse-treatment-report-2014
2826,/alcohol-and-substance-abuse-treatment-report-2015,https://doccs.ny.gov/alcohol-and-substance-abuse-treatment-report-2015
2829,/alcohol-and-substance-abuse-treatment-report-2016,https://doccs.ny.gov/alcohol-and-substance-abuse-treatment-report-2016
2832,/alcohol-and-substance-abuse-treatment-report-2017,https://doccs.ny.gov/alcohol-and-substance-abuse-treatment-report-2017
2835,/earned-eligibility-program-april-2006-september-2006,https://doccs.ny.gov/earned-eligibility-program-april-2006-september-2006
2838,/earned-eligibility-program-october-2006-march-2007,https://doccs.ny.gov/earned-eligibility-program-october-2006-march-2007
2841,/earned-eligibility-program-april-2007-september-2007,https://doccs.ny.gov/earned-eligibility-program-april-2007-september-2007
2844,/earned-eligibility-program-october-2007-march-2008,https://doccs.ny.gov/earned-eligibility-program-october-2007-march-2008
2870,/earned-eligibility-program-april-2008-september-2008,https://doccs.ny.gov/earned-eligibility-program-april-2008-september-2008
2873,/earned-eligibility-program-october-2008-march-2009,https://doccs.ny.gov/earned-eligibility-program-october-2008-march-2009
2876,/earned-eligibility-program-april-2009-september-2009,https://doccs.ny.gov/earned-eligibility-program-april-2009-september-2009
2879,/earned-eligibility-program-october-2009-march-2010,https://doccs.ny.gov/earned-eligibility-program-october-2009-march-2010
2882,/earned-eligibility-program-april-2010-september-2010,https://doccs.ny.gov/earned-eligibility-program-april-2010-september-2010
2885,/earned-eligibility-program-october-2010-march-2011,https://doccs.ny.gov/earned-eligibility-program-october-2010-march-2011
2888,/earned-eligibility-program-april-2011-september-2011,https://doccs.ny.gov/earned-eligibility-program-april-2011-september-2011
2891,/earned-eligibility-program-october-2011-march-2012,https://doccs.ny.gov/earned-eligibility-program-october-2011-march-2012
2894,/earned-eligibility-program-april-2012-september-2012,https://doccs.ny.gov/earned-eligibility-program-april-2012-september-2012
2897,/earned-eligibility-program-october-2012-march-2013,https://doccs.ny.gov/earned-eligibility-program-october-2012-march-2013
2923,/earned-eligibility-program-april-2013-september-2013,https://doccs.ny.gov/earned-eligibility-program-april-2013-september-2013
2926,/earned-eligibility-program-october-2013-march-2014,https://doccs.ny.gov/earned-eligibility-program-october-2013-march-2014
2929,/earned-eligibility-program-april-2014-september-2014,https://doccs.ny.gov/earned-eligibility-program-april-2014-september-2014
2932,/earned-eligibility-program-october-2014-march-2015,https://doccs.ny.gov/earned-eligibility-program-october-2014-march-2015
2935,/earned-eligibility-program-april-2015-september-2015,https://doccs.ny.gov/earned-eligibility-program-april-2015-september-2015
2938,/earned-eligibility-program-october-2016-march-2017,https://doccs.ny.gov/earned-eligibility-program-october-2016-march-2017
2941,/earned-eligibility-program-april-2017-september-2017,https://doccs.ny.gov/earned-eligibility-program-april-2017-september-2017
2944,/earned-eligibility-program-october-2017-march-2018,https://doccs.ny.gov/earned-eligibility-program-october-2017-march-2018
2947,/earned-eligibility-program-april-2018-september-2018,https://doccs.ny.gov/earned-eligibility-program-april-2018-september-2018
2950,/merit-time-program-summary,https://doccs.ny.gov/merit-time-program-summary
2976,/impact-2009-drug-law-reform,https://doccs.ny.gov/impact-2009-drug-law-reform
2979,/annual-shock-incarceration-program-legislative-report-summary,https://doccs.ny.gov/annual-shock-incarceration-program-legislative-report-summary
2982,/annual-shock-incarceration-program-legislative-report,https://doccs.ny.gov/annual-shock-incarceration-program-legislative-report
